page	construct	role	key
addserver	skin-header	silent	silent
addserver	header-back-button	navigation	silent
addserver	header-home-button	navigation	silent
addserver	main-drawer-button	navigation	silent
addserver	page-title	silent	silent
addserver	header-sync-button	navigation	silent
addserver	header-audio-player-button	navigation	silent
addserver	header-cast-button	navigation	silent
addserver	header-search-button	navigation	silent
addserver	header-user-button	navigation	silent
addserver	header-tabs	silent	silent
addserver	main-drawer	silent	silent
addserver	nav-menu-option	navigation	silent
addserver	nav-menu-option-icon	navigation	silent
addserver	nav-menu-option-text	navigation	Home
addserver	sidebar-header	stated	HeaderMedia
addserver	sidebar-header	stated	HeaderAdmin
addserver	nav-menu-option-text	navigation	TabDashboard
addserver	nav-menu-option-text	navigation	MetadataManager
addserver	sidebar-header	stated	HeaderUser
addserver	nav-menu-option-text	navigation	SelectServer
addserver	nav-menu-option-text	navigation	Settings
addserver	nav-menu-option-text	navigation	ButtonSignOut
addserver	raised	navigation	silent
branding	skin-header	silent	silent
branding	header-back-button	navigation	silent
branding	header-home-button	navigation	silent
branding	main-drawer-button	navigation	silent
branding	page-title	silent	silent
branding	header-sync-button	navigation	silent
branding	header-audio-player-button	navigation	silent
branding	header-cast-button	navigation	silent
branding	header-search-button	navigation	silent
branding	header-user-button	navigation	silent
branding	header-tabs	silent	silent
branding	main-drawer	silent	silent
branding	nav-menu-option	navigation	silent
branding	nav-menu-option-icon	navigation	silent
branding	nav-menu-option-text	navigation	Home
branding	sidebar-header	stated	HeaderMedia
branding	sidebar-header	stated	HeaderAdmin
branding	nav-menu-option-text	navigation	TabDashboard
branding	nav-menu-option-text	navigation	MetadataManager
branding	sidebar-header	stated	HeaderUser
branding	nav-menu-option-text	navigation	SelectServer
branding	nav-menu-option-text	navigation	Settings
branding	nav-menu-option-text	navigation	ButtonSignOut
details	skin-header	silent	silent
details	header-back-button	navigation	silent
details	header-home-button	navigation	silent
details	main-drawer-button	navigation	silent
details	page-title	silent	silent
details	header-sync-button	navigation	silent
details	header-audio-player-button	navigation	silent
details	header-cast-button	navigation	silent
details	header-search-button	navigation	silent
details	header-user-button	navigation	silent
details	header-tabs	silent	silent
details	main-drawer	silent	silent
details	nav-menu-option	navigation	silent
details	nav-menu-option-icon	navigation	silent
details	nav-menu-option-text	navigation	Home
details	sidebar-header	stated	HeaderMedia
details	sidebar-header	stated	HeaderAdmin
details	nav-menu-option-text	navigation	TabDashboard
details	nav-menu-option-text	navigation	MetadataManager
details	sidebar-header	stated	HeaderUser
details	nav-menu-option-text	navigation	SelectServer
details	nav-menu-option-text	navigation	Settings
details	nav-menu-option-text	navigation	ButtonSignOut
details	emby-button	navigation	silent
details	details-button	navigation	silent
details	emby-linkbutton	navigation	silent
details	vertical-section	silent	silent
details	items-container	silent	silent
details	section-title-cards	silent	silent
details	emby-itemscontainer	silent	silent
details	emby-scroller	silent	silent
forgotpassword	skin-header	silent	silent
forgotpassword	header-back-button	navigation	silent
forgotpassword	header-home-button	navigation	silent
forgotpassword	main-drawer-button	navigation	silent
forgotpassword	page-title	silent	silent
forgotpassword	header-sync-button	navigation	silent
forgotpassword	header-audio-player-button	navigation	silent
forgotpassword	header-cast-button	navigation	silent
forgotpassword	header-search-button	navigation	silent
forgotpassword	header-user-button	navigation	silent
forgotpassword	header-tabs	silent	silent
forgotpassword	main-drawer	silent	silent
forgotpassword	nav-menu-option	navigation	silent
forgotpassword	nav-menu-option-icon	navigation	silent
forgotpassword	nav-menu-option-text	navigation	Home
forgotpassword	sidebar-header	stated	HeaderMedia
forgotpassword	sidebar-header	stated	HeaderAdmin
forgotpassword	nav-menu-option-text	navigation	TabDashboard
forgotpassword	nav-menu-option-text	navigation	MetadataManager
forgotpassword	sidebar-header	stated	HeaderUser
forgotpassword	nav-menu-option-text	navigation	SelectServer
forgotpassword	nav-menu-option-text	navigation	Settings
forgotpassword	nav-menu-option-text	navigation	ButtonSignOut
forgotpassword	forgotpassword-h1	stated	ButtonForgotPassword
forgotpasswordpin	skin-header	silent	silent
forgotpasswordpin	header-back-button	navigation	silent
forgotpasswordpin	header-home-button	navigation	silent
forgotpasswordpin	main-drawer-button	navigation	silent
forgotpasswordpin	page-title	silent	silent
forgotpasswordpin	header-sync-button	navigation	silent
forgotpasswordpin	header-audio-player-button	navigation	silent
forgotpasswordpin	header-cast-button	navigation	silent
forgotpasswordpin	header-search-button	navigation	silent
forgotpasswordpin	header-user-button	navigation	silent
forgotpasswordpin	header-tabs	silent	silent
forgotpasswordpin	main-drawer	silent	silent
forgotpasswordpin	nav-menu-option	navigation	silent
forgotpasswordpin	nav-menu-option-icon	navigation	silent
forgotpasswordpin	nav-menu-option-text	navigation	Home
forgotpasswordpin	sidebar-header	stated	HeaderMedia
forgotpasswordpin	sidebar-header	stated	HeaderAdmin
forgotpasswordpin	nav-menu-option-text	navigation	TabDashboard
forgotpasswordpin	nav-menu-option-text	navigation	MetadataManager
forgotpasswordpin	sidebar-header	stated	HeaderUser
forgotpasswordpin	nav-menu-option-text	navigation	SelectServer
forgotpasswordpin	nav-menu-option-text	navigation	Settings
forgotpasswordpin	nav-menu-option-text	navigation	ButtonSignOut
forgotpasswordpin	raised	navigation	silent
home	skin-header	silent	silent
home	header-back-button	navigation	silent
home	header-home-button	navigation	silent
home	main-drawer-button	navigation	silent
home	page-title	silent	silent
home	header-sync-button	navigation	silent
home	header-audio-player-button	navigation	silent
home	header-cast-button	navigation	silent
home	header-search-button	navigation	silent
home	header-user-button	navigation	silent
home	header-tabs	silent	silent
home	header-tabs	navigation	Home
home	header-tabs	navigation	Favorites
home	main-drawer	silent	silent
home	nav-menu-option	navigation	silent
home	nav-menu-option-icon	navigation	silent
home	nav-menu-option-text	navigation	Home
home	sidebar-header	stated	HeaderMedia
home	sidebar-header	stated	HeaderAdmin
home	nav-menu-option-text	navigation	TabDashboard
home	nav-menu-option-text	navigation	MetadataManager
home	sidebar-header	stated	HeaderUser
home	nav-menu-option-text	navigation	SelectServer
home	nav-menu-option-text	navigation	Settings
home	nav-menu-option-text	navigation	ButtonSignOut
home	vertical-section	silent	silent
home	center-message	silent	silent
home	center-message-h2	stated	MessageNothingHere
home	center-message-p	stated	NoCreatedLibraries
home	center-message-p	stated	AskAdminToCreateLibrary
home	section-title-cards	stated	HeaderMyMedia
home	emby-scroller	silent	silent
home	items-container	silent	silent
home	section-title-container-cards	silent	silent
home	section-title-cards	stated	LiveTV
home	raised	navigation	Programs
home	raised	navigation	Guide
home	raised	navigation	Channels
home	raised	navigation	Recordings
home	raised	navigation	Schedule
home	raised	navigation	Series
home	section-title-text-button	navigation	silent
home	section-title-cards	navigation	HeaderOnNow
home	section-title-cards	navigation	NextUp
home	section-title-cards	navigation	LatestFromLibrary
home	section-title-cards	stated	HeaderContinueWatching
home	section-title-cards	stated	HeaderContinueListening
home	section-title-cards	stated	HeaderContinueReading
home	section-title-cards	navigation	silent
libraries-display	skin-header	silent	silent
libraries-display	header-back-button	navigation	silent
libraries-display	header-home-button	navigation	silent
libraries-display	main-drawer-button	navigation	silent
libraries-display	page-title	silent	silent
libraries-display	header-sync-button	navigation	silent
libraries-display	header-audio-player-button	navigation	silent
libraries-display	header-cast-button	navigation	silent
libraries-display	header-search-button	navigation	silent
libraries-display	header-user-button	navigation	silent
libraries-display	header-tabs	silent	silent
libraries-display	main-drawer	silent	silent
libraries-display	nav-menu-option	navigation	silent
libraries-display	nav-menu-option-icon	navigation	silent
libraries-display	nav-menu-option-text	navigation	Home
libraries-display	sidebar-header	stated	HeaderMedia
libraries-display	sidebar-header	stated	HeaderAdmin
libraries-display	nav-menu-option-text	navigation	TabDashboard
libraries-display	nav-menu-option-text	navigation	MetadataManager
libraries-display	sidebar-header	stated	HeaderUser
libraries-display	nav-menu-option-text	navigation	SelectServer
libraries-display	nav-menu-option-text	navigation	Settings
libraries-display	nav-menu-option-text	navigation	ButtonSignOut
libraries-metadata	skin-header	silent	silent
libraries-metadata	header-back-button	navigation	silent
libraries-metadata	header-home-button	navigation	silent
libraries-metadata	main-drawer-button	navigation	silent
libraries-metadata	page-title	silent	silent
libraries-metadata	header-sync-button	navigation	silent
libraries-metadata	header-audio-player-button	navigation	silent
libraries-metadata	header-cast-button	navigation	silent
libraries-metadata	header-search-button	navigation	silent
libraries-metadata	header-user-button	navigation	silent
libraries-metadata	header-tabs	silent	silent
libraries-metadata	main-drawer	silent	silent
libraries-metadata	nav-menu-option	navigation	silent
libraries-metadata	nav-menu-option-icon	navigation	silent
libraries-metadata	nav-menu-option-text	navigation	Home
libraries-metadata	sidebar-header	stated	HeaderMedia
libraries-metadata	sidebar-header	stated	HeaderAdmin
libraries-metadata	nav-menu-option-text	navigation	TabDashboard
libraries-metadata	nav-menu-option-text	navigation	MetadataManager
libraries-metadata	sidebar-header	stated	HeaderUser
libraries-metadata	nav-menu-option-text	navigation	SelectServer
libraries-metadata	nav-menu-option-text	navigation	Settings
libraries-metadata	nav-menu-option-text	navigation	ButtonSignOut
libraries-nfo	skin-header	silent	silent
libraries-nfo	header-back-button	navigation	silent
libraries-nfo	header-home-button	navigation	silent
libraries-nfo	main-drawer-button	navigation	silent
libraries-nfo	page-title	silent	silent
libraries-nfo	header-sync-button	navigation	silent
libraries-nfo	header-audio-player-button	navigation	silent
libraries-nfo	header-cast-button	navigation	silent
libraries-nfo	header-search-button	navigation	silent
libraries-nfo	header-user-button	navigation	silent
libraries-nfo	header-tabs	silent	silent
libraries-nfo	main-drawer	silent	silent
libraries-nfo	nav-menu-option	navigation	silent
libraries-nfo	nav-menu-option-icon	navigation	silent
libraries-nfo	nav-menu-option-text	navigation	Home
libraries-nfo	sidebar-header	stated	HeaderMedia
libraries-nfo	sidebar-header	stated	HeaderAdmin
libraries-nfo	nav-menu-option-text	navigation	TabDashboard
libraries-nfo	nav-menu-option-text	navigation	MetadataManager
libraries-nfo	sidebar-header	stated	HeaderUser
libraries-nfo	nav-menu-option-text	navigation	SelectServer
libraries-nfo	nav-menu-option-text	navigation	Settings
libraries-nfo	nav-menu-option-text	navigation	ButtonSignOut
list	skin-header	silent	silent
list	header-back-button	navigation	silent
list	header-home-button	navigation	silent
list	main-drawer-button	navigation	silent
list	page-title	silent	silent
list	header-sync-button	navigation	silent
list	header-audio-player-button	navigation	silent
list	header-cast-button	navigation	silent
list	header-search-button	navigation	silent
list	header-user-button	navigation	silent
list	header-tabs	silent	silent
list	main-drawer	silent	silent
list	nav-menu-option	navigation	silent
list	nav-menu-option-icon	navigation	silent
list	nav-menu-option-text	navigation	Home
list	sidebar-header	stated	HeaderMedia
list	sidebar-header	stated	HeaderAdmin
list	nav-menu-option-text	navigation	TabDashboard
list	nav-menu-option-text	navigation	MetadataManager
list	sidebar-header	stated	HeaderUser
list	nav-menu-option-text	navigation	SelectServer
list	nav-menu-option-text	navigation	Settings
list	nav-menu-option-text	navigation	ButtonSignOut
list	emby-button	navigation	silent
list	paper-icon-button-light	navigation	silent
list	items-container	silent	silent
livetv	skin-header	silent	silent
livetv	header-back-button	navigation	silent
livetv	header-home-button	navigation	silent
livetv	main-drawer-button	navigation	silent
livetv	page-title	silent	silent
livetv	header-sync-button	navigation	silent
livetv	header-audio-player-button	navigation	silent
livetv	header-cast-button	navigation	silent
livetv	header-search-button	navigation	silent
livetv	header-user-button	navigation	silent
livetv	header-tabs	silent	silent
livetv	main-drawer	silent	silent
livetv	nav-menu-option	navigation	silent
livetv	nav-menu-option-icon	navigation	silent
livetv	nav-menu-option-text	navigation	Home
livetv	sidebar-header	stated	HeaderMedia
livetv	sidebar-header	stated	HeaderAdmin
livetv	nav-menu-option-text	navigation	TabDashboard
livetv	nav-menu-option-text	navigation	MetadataManager
livetv	sidebar-header	stated	HeaderUser
livetv	nav-menu-option-text	navigation	SelectServer
livetv	nav-menu-option-text	navigation	Settings
livetv	nav-menu-option-text	navigation	ButtonSignOut
livetv-recordings	skin-header	silent	silent
livetv-recordings	header-back-button	navigation	silent
livetv-recordings	header-home-button	navigation	silent
livetv-recordings	main-drawer-button	navigation	silent
livetv-recordings	page-title	silent	silent
livetv-recordings	header-sync-button	navigation	silent
livetv-recordings	header-audio-player-button	navigation	silent
livetv-recordings	header-cast-button	navigation	silent
livetv-recordings	header-search-button	navigation	silent
livetv-recordings	header-user-button	navigation	silent
livetv-recordings	header-tabs	silent	silent
livetv-recordings	main-drawer	silent	silent
livetv-recordings	nav-menu-option	navigation	silent
livetv-recordings	nav-menu-option-icon	navigation	silent
livetv-recordings	nav-menu-option-text	navigation	Home
livetv-recordings	sidebar-header	stated	HeaderMedia
livetv-recordings	sidebar-header	stated	HeaderAdmin
livetv-recordings	nav-menu-option-text	navigation	TabDashboard
livetv-recordings	nav-menu-option-text	navigation	MetadataManager
livetv-recordings	sidebar-header	stated	HeaderUser
livetv-recordings	nav-menu-option-text	navigation	SelectServer
livetv-recordings	nav-menu-option-text	navigation	Settings
livetv-recordings	nav-menu-option-text	navigation	ButtonSignOut
login	skin-header	silent	silent
login	header-back-button	navigation	silent
login	header-home-button	navigation	silent
login	main-drawer-button	navigation	silent
login	page-title	silent	silent
login	header-sync-button	navigation	silent
login	header-audio-player-button	navigation	silent
login	header-cast-button	navigation	silent
login	header-search-button	navigation	silent
login	header-user-button	navigation	silent
login	header-tabs	silent	silent
login	main-drawer	silent	silent
login	nav-menu-option	navigation	silent
login	nav-menu-option-icon	navigation	silent
login	nav-menu-option-text	navigation	Home
login	sidebar-header	stated	HeaderMedia
login	sidebar-header	stated	HeaderAdmin
login	nav-menu-option-text	navigation	TabDashboard
login	nav-menu-option-text	navigation	MetadataManager
login	sidebar-header	stated	HeaderUser
login	nav-menu-option-text	navigation	SelectServer
login	nav-menu-option-text	navigation	Settings
login	nav-menu-option-text	navigation	ButtonSignOut
login	raised	navigation	silent
login	items-container	silent	silent
logs	skin-header	silent	silent
logs	header-back-button	navigation	silent
logs	header-home-button	navigation	silent
logs	main-drawer-button	navigation	silent
logs	page-title	silent	silent
logs	header-sync-button	navigation	silent
logs	header-audio-player-button	navigation	silent
logs	header-cast-button	navigation	silent
logs	header-search-button	navigation	silent
logs	header-user-button	navigation	silent
logs	header-tabs	silent	silent
logs	main-drawer	silent	silent
logs	nav-menu-option	navigation	silent
logs	nav-menu-option-icon	navigation	silent
logs	nav-menu-option-text	navigation	Home
logs	sidebar-header	stated	HeaderMedia
logs	sidebar-header	stated	HeaderAdmin
logs	nav-menu-option-text	navigation	TabDashboard
logs	nav-menu-option-text	navigation	MetadataManager
logs	sidebar-header	stated	HeaderUser
logs	nav-menu-option-text	navigation	SelectServer
logs	nav-menu-option-text	navigation	Settings
logs	nav-menu-option-text	navigation	ButtonSignOut
lyrics	skin-header	silent	silent
lyrics	header-back-button	navigation	silent
lyrics	header-home-button	navigation	silent
lyrics	main-drawer-button	navigation	silent
lyrics	page-title	silent	silent
lyrics	header-sync-button	navigation	silent
lyrics	header-audio-player-button	navigation	silent
lyrics	header-cast-button	navigation	silent
lyrics	header-search-button	navigation	silent
lyrics	header-user-button	navigation	silent
lyrics	header-tabs	silent	silent
lyrics	main-drawer	silent	silent
lyrics	nav-menu-option	navigation	silent
lyrics	nav-menu-option-icon	navigation	silent
lyrics	nav-menu-option-text	navigation	Home
lyrics	sidebar-header	stated	HeaderMedia
lyrics	sidebar-header	stated	HeaderAdmin
lyrics	nav-menu-option-text	navigation	TabDashboard
lyrics	nav-menu-option-text	navigation	MetadataManager
lyrics	sidebar-header	stated	HeaderUser
lyrics	nav-menu-option-text	navigation	SelectServer
lyrics	nav-menu-option-text	navigation	Settings
lyrics	nav-menu-option-text	navigation	ButtonSignOut
movies	skin-header	silent	silent
movies	header-back-button	navigation	silent
movies	header-home-button	navigation	silent
movies	main-drawer-button	navigation	silent
movies	page-title	silent	silent
movies	header-sync-button	navigation	silent
movies	header-audio-player-button	navigation	silent
movies	header-cast-button	navigation	silent
movies	header-search-button	navigation	silent
movies	header-user-button	navigation	silent
movies	header-tabs	silent	silent
movies	header-tabs	navigation	Movies
movies	header-tabs	navigation	Suggestions
movies	header-tabs	navigation	Favorites
movies	header-tabs	navigation	Collections
movies	header-tabs	navigation	Genres
movies	main-drawer	silent	silent
movies	nav-menu-option	navigation	silent
movies	nav-menu-option-icon	navigation	silent
movies	nav-menu-option-text	navigation	Home
movies	sidebar-header	stated	HeaderMedia
movies	sidebar-header	stated	HeaderAdmin
movies	nav-menu-option-text	navigation	TabDashboard
movies	nav-menu-option-text	navigation	MetadataManager
movies	sidebar-header	stated	HeaderUser
movies	nav-menu-option-text	navigation	SelectServer
movies	nav-menu-option-text	navigation	Settings
movies	nav-menu-option-text	navigation	ButtonSignOut
movies	paper-icon-button-light	navigation	silent
movies	items-container	silent	silent
movies	vertical-section	silent	silent
movies	section-title-container-cards	silent	silent
movies	section-title-cards	silent	silent
music	skin-header	silent	silent
music	header-back-button	navigation	silent
music	header-home-button	navigation	silent
music	main-drawer-button	navigation	silent
music	page-title	silent	silent
music	header-sync-button	navigation	silent
music	header-audio-player-button	navigation	silent
music	header-cast-button	navigation	silent
music	header-search-button	navigation	silent
music	header-user-button	navigation	silent
music	header-tabs	silent	silent
music	header-tabs	navigation	Albums
music	header-tabs	navigation	Suggestions
music	header-tabs	navigation	HeaderAlbumArtists
music	header-tabs	navigation	Artists
music	header-tabs	navigation	Playlists
music	header-tabs	navigation	Songs
music	header-tabs	navigation	Genres
music	main-drawer	silent	silent
music	nav-menu-option	navigation	silent
music	nav-menu-option-icon	navigation	silent
music	nav-menu-option-text	navigation	Home
music	sidebar-header	stated	HeaderMedia
music	sidebar-header	stated	HeaderAdmin
music	nav-menu-option-text	navigation	TabDashboard
music	nav-menu-option-text	navigation	MetadataManager
music	sidebar-header	stated	HeaderUser
music	nav-menu-option-text	navigation	SelectServer
music	nav-menu-option-text	navigation	Settings
music	nav-menu-option-text	navigation	ButtonSignOut
music	paper-icon-button-light	navigation	silent
music	items-container	silent	silent
music	vertical-section	silent	silent
music	section-title-cards	silent	silent
mypreferencescontrols	skin-header	silent	silent
mypreferencescontrols	header-back-button	navigation	silent
mypreferencescontrols	header-home-button	navigation	silent
mypreferencescontrols	main-drawer-button	navigation	silent
mypreferencescontrols	page-title	silent	silent
mypreferencescontrols	header-sync-button	navigation	silent
mypreferencescontrols	header-audio-player-button	navigation	silent
mypreferencescontrols	header-cast-button	navigation	silent
mypreferencescontrols	header-search-button	navigation	silent
mypreferencescontrols	header-user-button	navigation	silent
mypreferencescontrols	header-tabs	silent	silent
mypreferencescontrols	main-drawer	silent	silent
mypreferencescontrols	nav-menu-option	navigation	silent
mypreferencescontrols	nav-menu-option-icon	navigation	silent
mypreferencescontrols	nav-menu-option-text	navigation	Home
mypreferencescontrols	sidebar-header	stated	HeaderMedia
mypreferencescontrols	sidebar-header	stated	HeaderAdmin
mypreferencescontrols	nav-menu-option-text	navigation	TabDashboard
mypreferencescontrols	nav-menu-option-text	navigation	MetadataManager
mypreferencescontrols	sidebar-header	stated	HeaderUser
mypreferencescontrols	nav-menu-option-text	navigation	SelectServer
mypreferencescontrols	nav-menu-option-text	navigation	Settings
mypreferencescontrols	nav-menu-option-text	navigation	ButtonSignOut
mypreferencescontrols	vertical-section	silent	silent
mypreferencescontrols	raised	navigation	silent
mypreferencesdisplay	skin-header	silent	silent
mypreferencesdisplay	header-back-button	navigation	silent
mypreferencesdisplay	header-home-button	navigation	silent
mypreferencesdisplay	main-drawer-button	navigation	silent
mypreferencesdisplay	page-title	silent	silent
mypreferencesdisplay	header-sync-button	navigation	silent
mypreferencesdisplay	header-audio-player-button	navigation	silent
mypreferencesdisplay	header-cast-button	navigation	silent
mypreferencesdisplay	header-search-button	navigation	silent
mypreferencesdisplay	header-user-button	navigation	silent
mypreferencesdisplay	header-tabs	silent	silent
mypreferencesdisplay	main-drawer	silent	silent
mypreferencesdisplay	nav-menu-option	navigation	silent
mypreferencesdisplay	nav-menu-option-icon	navigation	silent
mypreferencesdisplay	nav-menu-option-text	navigation	Home
mypreferencesdisplay	sidebar-header	stated	HeaderMedia
mypreferencesdisplay	sidebar-header	stated	HeaderAdmin
mypreferencesdisplay	nav-menu-option-text	navigation	TabDashboard
mypreferencesdisplay	nav-menu-option-text	navigation	MetadataManager
mypreferencesdisplay	sidebar-header	stated	HeaderUser
mypreferencesdisplay	nav-menu-option-text	navigation	SelectServer
mypreferencesdisplay	nav-menu-option-text	navigation	Settings
mypreferencesdisplay	nav-menu-option-text	navigation	ButtonSignOut
mypreferenceshome	skin-header	silent	silent
mypreferenceshome	header-back-button	navigation	silent
mypreferenceshome	header-home-button	navigation	silent
mypreferenceshome	main-drawer-button	navigation	silent
mypreferenceshome	page-title	silent	silent
mypreferenceshome	header-sync-button	navigation	silent
mypreferenceshome	header-audio-player-button	navigation	silent
mypreferenceshome	header-cast-button	navigation	silent
mypreferenceshome	header-search-button	navigation	silent
mypreferenceshome	header-user-button	navigation	silent
mypreferenceshome	header-tabs	silent	silent
mypreferenceshome	main-drawer	silent	silent
mypreferenceshome	nav-menu-option	navigation	silent
mypreferenceshome	nav-menu-option-icon	navigation	silent
mypreferenceshome	nav-menu-option-text	navigation	Home
mypreferenceshome	sidebar-header	stated	HeaderMedia
mypreferenceshome	sidebar-header	stated	HeaderAdmin
mypreferenceshome	nav-menu-option-text	navigation	TabDashboard
mypreferenceshome	nav-menu-option-text	navigation	MetadataManager
mypreferenceshome	sidebar-header	stated	HeaderUser
mypreferenceshome	nav-menu-option-text	navigation	SelectServer
mypreferenceshome	nav-menu-option-text	navigation	Settings
mypreferenceshome	nav-menu-option-text	navigation	ButtonSignOut
mypreferencesplayback	skin-header	silent	silent
mypreferencesplayback	header-back-button	navigation	silent
mypreferencesplayback	header-home-button	navigation	silent
mypreferencesplayback	main-drawer-button	navigation	silent
mypreferencesplayback	page-title	silent	silent
mypreferencesplayback	header-sync-button	navigation	silent
mypreferencesplayback	header-audio-player-button	navigation	silent
mypreferencesplayback	header-cast-button	navigation	silent
mypreferencesplayback	header-search-button	navigation	silent
mypreferencesplayback	header-user-button	navigation	silent
mypreferencesplayback	header-tabs	silent	silent
mypreferencesplayback	main-drawer	silent	silent
mypreferencesplayback	nav-menu-option	navigation	silent
mypreferencesplayback	nav-menu-option-icon	navigation	silent
mypreferencesplayback	nav-menu-option-text	navigation	Home
mypreferencesplayback	sidebar-header	stated	HeaderMedia
mypreferencesplayback	sidebar-header	stated	HeaderAdmin
mypreferencesplayback	nav-menu-option-text	navigation	TabDashboard
mypreferencesplayback	nav-menu-option-text	navigation	MetadataManager
mypreferencesplayback	sidebar-header	stated	HeaderUser
mypreferencesplayback	nav-menu-option-text	navigation	SelectServer
mypreferencesplayback	nav-menu-option-text	navigation	Settings
mypreferencesplayback	nav-menu-option-text	navigation	ButtonSignOut
mypreferencessubtitles	skin-header	silent	silent
mypreferencessubtitles	header-back-button	navigation	silent
mypreferencessubtitles	header-home-button	navigation	silent
mypreferencessubtitles	main-drawer-button	navigation	silent
mypreferencessubtitles	page-title	silent	silent
mypreferencessubtitles	header-sync-button	navigation	silent
mypreferencessubtitles	header-audio-player-button	navigation	silent
mypreferencessubtitles	header-cast-button	navigation	silent
mypreferencessubtitles	header-search-button	navigation	silent
mypreferencessubtitles	header-user-button	navigation	silent
mypreferencessubtitles	header-tabs	silent	silent
mypreferencessubtitles	main-drawer	silent	silent
mypreferencessubtitles	nav-menu-option	navigation	silent
mypreferencessubtitles	nav-menu-option-icon	navigation	silent
mypreferencessubtitles	nav-menu-option-text	navigation	Home
mypreferencessubtitles	sidebar-header	stated	HeaderMedia
mypreferencessubtitles	sidebar-header	stated	HeaderAdmin
mypreferencessubtitles	nav-menu-option-text	navigation	TabDashboard
mypreferencessubtitles	nav-menu-option-text	navigation	MetadataManager
mypreferencessubtitles	sidebar-header	stated	HeaderUser
mypreferencessubtitles	nav-menu-option-text	navigation	SelectServer
mypreferencessubtitles	nav-menu-option-text	navigation	Settings
mypreferencessubtitles	nav-menu-option-text	navigation	ButtonSignOut
queue	skin-header	silent	silent
queue	header-back-button	navigation	silent
queue	header-home-button	navigation	silent
queue	main-drawer-button	navigation	silent
queue	page-title	silent	silent
queue	header-sync-button	navigation	silent
queue	header-audio-player-button	navigation	silent
queue	header-cast-button	navigation	silent
queue	header-search-button	navigation	silent
queue	header-user-button	navigation	silent
queue	header-tabs	silent	silent
queue	main-drawer	silent	silent
queue	nav-menu-option	navigation	silent
queue	nav-menu-option-icon	navigation	silent
queue	nav-menu-option-text	navigation	Home
queue	sidebar-header	stated	HeaderMedia
queue	sidebar-header	stated	HeaderAdmin
queue	nav-menu-option-text	navigation	TabDashboard
queue	nav-menu-option-text	navigation	MetadataManager
queue	sidebar-header	stated	HeaderUser
queue	nav-menu-option-text	navigation	SelectServer
queue	nav-menu-option-text	navigation	Settings
queue	nav-menu-option-text	navigation	ButtonSignOut
queue	paper-icon-button-light	navigation	silent
queue	raised	navigation	silent
queue	items-container	silent	silent
quickconnect	skin-header	silent	silent
quickconnect	header-back-button	navigation	silent
quickconnect	header-home-button	navigation	silent
quickconnect	main-drawer-button	navigation	silent
quickconnect	page-title	silent	silent
quickconnect	header-sync-button	navigation	silent
quickconnect	header-audio-player-button	navigation	silent
quickconnect	header-cast-button	navigation	silent
quickconnect	header-search-button	navigation	silent
quickconnect	header-user-button	navigation	silent
quickconnect	header-tabs	silent	silent
quickconnect	main-drawer	silent	silent
quickconnect	nav-menu-option	navigation	silent
quickconnect	nav-menu-option-icon	navigation	silent
quickconnect	nav-menu-option-text	navigation	Home
quickconnect	sidebar-header	stated	HeaderMedia
quickconnect	sidebar-header	stated	HeaderAdmin
quickconnect	nav-menu-option-text	navigation	TabDashboard
quickconnect	nav-menu-option-text	navigation	MetadataManager
quickconnect	sidebar-header	stated	HeaderUser
quickconnect	nav-menu-option-text	navigation	SelectServer
quickconnect	nav-menu-option-text	navigation	Settings
quickconnect	nav-menu-option-text	navigation	ButtonSignOut
quickconnect	vertical-section	stated	Authorize
quickconnect	vertical-section	stated	QuickConnectDescription
quickconnect	vertical-section	stated	GoHome
quickconnect	vertical-section	stated	LabelQuickConnectCode
quickconnect	vertical-section-h2	stated	QuickConnect
quickconnect	vertical-section-p	stated	QuickConnectAuthorizeSuccess
selectserver	skin-header	silent	silent
selectserver	header-back-button	navigation	silent
selectserver	header-home-button	navigation	silent
selectserver	main-drawer-button	navigation	silent
selectserver	page-title	silent	silent
selectserver	header-sync-button	navigation	silent
selectserver	header-audio-player-button	navigation	silent
selectserver	header-cast-button	navigation	silent
selectserver	header-search-button	navigation	silent
selectserver	header-user-button	navigation	silent
selectserver	header-tabs	silent	silent
selectserver	main-drawer	silent	silent
selectserver	nav-menu-option	navigation	silent
selectserver	nav-menu-option-icon	navigation	silent
selectserver	nav-menu-option-text	navigation	Home
selectserver	sidebar-header	stated	HeaderMedia
selectserver	sidebar-header	stated	HeaderAdmin
selectserver	nav-menu-option-text	navigation	TabDashboard
selectserver	nav-menu-option-text	navigation	MetadataManager
selectserver	sidebar-header	stated	HeaderUser
selectserver	nav-menu-option-text	navigation	SelectServer
selectserver	nav-menu-option-text	navigation	Settings
selectserver	nav-menu-option-text	navigation	ButtonSignOut
selectserver	vertical-section	silent	silent
selectserver	section-title-cards	silent	silent
selectserver	emby-itemscontainer	silent	silent
selectserver	raised	navigation	silent
tv	skin-header	silent	silent
tv	header-back-button	navigation	silent
tv	header-home-button	navigation	silent
tv	main-drawer-button	navigation	silent
tv	page-title	silent	silent
tv	header-sync-button	navigation	silent
tv	header-audio-player-button	navigation	silent
tv	header-cast-button	navigation	silent
tv	header-search-button	navigation	silent
tv	header-user-button	navigation	silent
tv	header-tabs	silent	silent
tv	header-tabs	navigation	Shows
tv	header-tabs	navigation	Suggestions
tv	header-tabs	navigation	TabUpcoming
tv	header-tabs	navigation	Genres
tv	header-tabs	navigation	TabNetworks
tv	header-tabs	navigation	Episodes
tv	main-drawer	silent	silent
tv	nav-menu-option	navigation	silent
tv	nav-menu-option-icon	navigation	silent
tv	nav-menu-option-text	navigation	Home
tv	sidebar-header	stated	HeaderMedia
tv	sidebar-header	stated	HeaderAdmin
tv	nav-menu-option-text	navigation	TabDashboard
tv	nav-menu-option-text	navigation	MetadataManager
tv	sidebar-header	stated	HeaderUser
tv	nav-menu-option-text	navigation	SelectServer
tv	nav-menu-option-text	navigation	Settings
tv	nav-menu-option-text	navigation	ButtonSignOut
tv	paper-icon-button-light	navigation	silent
tv	items-container	silent	silent
tv	vertical-section	silent	silent
tv	section-title-container-cards	silent	silent
tv	section-title-cards	silent	silent
tv	center-message	silent	silent
userprofile	skin-header	silent	silent
userprofile	header-back-button	navigation	silent
userprofile	header-home-button	navigation	silent
userprofile	main-drawer-button	navigation	silent
userprofile	page-title	silent	silent
userprofile	header-sync-button	navigation	silent
userprofile	header-audio-player-button	navigation	silent
userprofile	header-cast-button	navigation	silent
userprofile	header-search-button	navigation	silent
userprofile	header-user-button	navigation	silent
userprofile	header-tabs	silent	silent
userprofile	main-drawer	silent	silent
userprofile	nav-menu-option	navigation	silent
userprofile	nav-menu-option-icon	navigation	silent
userprofile	nav-menu-option-text	navigation	Home
userprofile	sidebar-header	stated	HeaderMedia
userprofile	sidebar-header	stated	HeaderAdmin
userprofile	nav-menu-option-text	navigation	TabDashboard
userprofile	nav-menu-option-text	navigation	MetadataManager
userprofile	sidebar-header	stated	HeaderUser
userprofile	nav-menu-option-text	navigation	SelectServer
userprofile	nav-menu-option-text	navigation	Settings
userprofile	nav-menu-option-text	navigation	ButtonSignOut
users	skin-header	silent	silent
users	header-back-button	navigation	silent
users	header-home-button	navigation	silent
users	main-drawer-button	navigation	silent
users	page-title	silent	silent
users	header-sync-button	navigation	silent
users	header-audio-player-button	navigation	silent
users	header-cast-button	navigation	silent
users	header-search-button	navigation	silent
users	header-user-button	navigation	silent
users	header-tabs	silent	silent
users	main-drawer	silent	silent
users	nav-menu-option	navigation	silent
users	nav-menu-option-icon	navigation	silent
users	nav-menu-option-text	navigation	Home
users	sidebar-header	stated	HeaderMedia
users	sidebar-header	stated	HeaderAdmin
users	nav-menu-option-text	navigation	TabDashboard
users	nav-menu-option-text	navigation	MetadataManager
users	sidebar-header	stated	HeaderUser
users	nav-menu-option-text	navigation	SelectServer
users	nav-menu-option-text	navigation	Settings
users	nav-menu-option-text	navigation	ButtonSignOut
users	vertical-section	stated	HeaderUsers
users	items-container	silent	silent
users-access	skin-header	silent	silent
users-access	header-back-button	navigation	silent
users-access	header-home-button	navigation	silent
users-access	main-drawer-button	navigation	silent
users-access	page-title	silent	silent
users-access	header-sync-button	navigation	silent
users-access	header-audio-player-button	navigation	silent
users-access	header-cast-button	navigation	silent
users-access	header-search-button	navigation	silent
users-access	header-user-button	navigation	silent
users-access	header-tabs	silent	silent
users-access	main-drawer	silent	silent
users-access	nav-menu-option	navigation	silent
users-access	nav-menu-option-icon	navigation	silent
users-access	nav-menu-option-text	navigation	Home
users-access	sidebar-header	stated	HeaderMedia
users-access	sidebar-header	stated	HeaderAdmin
users-access	nav-menu-option-text	navigation	TabDashboard
users-access	nav-menu-option-text	navigation	MetadataManager
users-access	sidebar-header	stated	HeaderUser
users-access	nav-menu-option-text	navigation	SelectServer
users-access	nav-menu-option-text	navigation	Settings
users-access	nav-menu-option-text	navigation	ButtonSignOut
users-access	vertical-section	silent	silent
users-add	skin-header	silent	silent
users-add	header-back-button	navigation	silent
users-add	header-home-button	navigation	silent
users-add	main-drawer-button	navigation	silent
users-add	page-title	silent	silent
users-add	header-sync-button	navigation	silent
users-add	header-audio-player-button	navigation	silent
users-add	header-cast-button	navigation	silent
users-add	header-search-button	navigation	silent
users-add	header-user-button	navigation	silent
users-add	header-tabs	silent	silent
users-add	main-drawer	silent	silent
users-add	nav-menu-option	navigation	silent
users-add	nav-menu-option-icon	navigation	silent
users-add	nav-menu-option-text	navigation	Home
users-add	sidebar-header	stated	HeaderMedia
users-add	sidebar-header	stated	HeaderAdmin
users-add	nav-menu-option-text	navigation	TabDashboard
users-add	nav-menu-option-text	navigation	MetadataManager
users-add	sidebar-header	stated	HeaderUser
users-add	nav-menu-option-text	navigation	SelectServer
users-add	nav-menu-option-text	navigation	Settings
users-add	nav-menu-option-text	navigation	ButtonSignOut
users-add	vertical-section	stated	HeaderAddUser
users-password	skin-header	silent	silent
users-password	header-back-button	navigation	silent
users-password	header-home-button	navigation	silent
users-password	main-drawer-button	navigation	silent
users-password	page-title	silent	silent
users-password	header-sync-button	navigation	silent
users-password	header-audio-player-button	navigation	silent
users-password	header-cast-button	navigation	silent
users-password	header-search-button	navigation	silent
users-password	header-user-button	navigation	silent
users-password	header-tabs	silent	silent
users-password	main-drawer	silent	silent
users-password	nav-menu-option	navigation	silent
users-password	nav-menu-option-icon	navigation	silent
users-password	nav-menu-option-text	navigation	Home
users-password	sidebar-header	stated	HeaderMedia
users-password	sidebar-header	stated	HeaderAdmin
users-password	nav-menu-option-text	navigation	TabDashboard
users-password	nav-menu-option-text	navigation	MetadataManager
users-password	sidebar-header	stated	HeaderUser
users-password	nav-menu-option-text	navigation	SelectServer
users-password	nav-menu-option-text	navigation	Settings
users-password	nav-menu-option-text	navigation	ButtonSignOut
users-password	vertical-section	silent	silent
users-profile	skin-header	silent	silent
users-profile	header-back-button	navigation	silent
users-profile	header-home-button	navigation	silent
users-profile	main-drawer-button	navigation	silent
users-profile	page-title	silent	silent
users-profile	header-sync-button	navigation	silent
users-profile	header-audio-player-button	navigation	silent
users-profile	header-cast-button	navigation	silent
users-profile	header-search-button	navigation	silent
users-profile	header-user-button	navigation	silent
users-profile	header-tabs	silent	silent
users-profile	main-drawer	silent	silent
users-profile	nav-menu-option	navigation	silent
users-profile	nav-menu-option-icon	navigation	silent
users-profile	nav-menu-option-text	navigation	Home
users-profile	sidebar-header	stated	HeaderMedia
users-profile	sidebar-header	stated	HeaderAdmin
users-profile	nav-menu-option-text	navigation	TabDashboard
users-profile	nav-menu-option-text	navigation	MetadataManager
users-profile	sidebar-header	stated	HeaderUser
users-profile	nav-menu-option-text	navigation	SelectServer
users-profile	nav-menu-option-text	navigation	Settings
users-profile	nav-menu-option-text	navigation	ButtonSignOut
users-profile	vertical-section	silent	silent
users-profile	vertical-section-h2	stated	HeaderFeatureAccess
users-profile	vertical-section	stated	OptionAllowMediaPlaybackTranscodingHelp
users-profile	vertical-section-h2	stated	HeaderPlayback
users-profile	vertical-section	stated	LabelRemoteClientBitrateLimit
users-profile	vertical-section	stated	LabelRemoteClientBitrateLimitHelp
users-profile	vertical-section	stated	LabelUserRemoteClientBitrateLimitHelp
users-profile	vertical-section	stated	SyncPlayAccessHelp
users-profile	vertical-section-h2	stated	HeaderAllowMediaDeletionFrom
users-profile	vertical-section	stated	OptionAllowRemoteSharedDevicesHelp
users-profile	vertical-section-h2	stated	HeaderRemoteControl
users-profile	users-profile-h2	stated	Other
users-profile	vertical-section	stated	LabelUserLoginAttemptsBeforeLockout
users-profile	vertical-section	stated	OptionLoginAttemptsBeforeLockout
users-profile	vertical-section	stated	OptionLoginAttemptsBeforeLockoutHelp
users-profile	vertical-section	stated	LabelUserMaxActiveSessions
users-profile	vertical-section	stated	OptionMaxActiveSessions
users-profile	vertical-section	stated	OptionMaxActiveSessionsHelp
video	skin-header	silent	silent
video	header-back-button	navigation	silent
video	header-home-button	navigation	silent
video	main-drawer-button	navigation	silent
video	page-title	silent	silent
video	header-sync-button	navigation	silent
video	header-audio-player-button	navigation	silent
video	header-cast-button	navigation	silent
video	header-search-button	navigation	silent
video	header-user-button	navigation	silent
video	header-tabs	silent	silent
video	main-drawer	silent	silent
video	nav-menu-option	navigation	silent
video	nav-menu-option-icon	navigation	silent
video	nav-menu-option-text	navigation	Home
video	sidebar-header	stated	HeaderMedia
video	sidebar-header	stated	HeaderAdmin
video	nav-menu-option-text	navigation	TabDashboard
video	nav-menu-option-text	navigation	MetadataManager
video	sidebar-header	stated	HeaderUser
video	nav-menu-option-text	navigation	SelectServer
video	nav-menu-option-text	navigation	Settings
video	nav-menu-option-text	navigation	ButtonSignOut
video	paper-icon-button-light	navigation	silent
video	video-button	navigation	silent
